Created_date,Open,Closed,Resolved
2016-01-01,6,0,12
2016-01-02,4,4,4
2016-01-03,7,2,3
2016-01-04,35,5,24
2016-01-05,31,7,32
2016-01-06,38,7,31
2016-01-07,65,7,39
2016-01-08,48,11,32
2016-01-09,23,1,18
2016-01-10,57,2,14
2016-01-11,50,16,40
2016-01-12,55,19,46
2016-01-13,60,9,37
2016-01-14,54,18,30
2016-01-15,40,19,57
2016-01-16,34,7,23
2016-01-17,5,3,8
2016-01-18,30,24,38
2016-01-19,44,15,52
2016-01-20,47,14,62
2016-01-21,68,24,57
2016-01-22,55,17,65
2016-01-23,11,6,29
2016-01-24,8,8,21
2016-01-25,39,38,45
2016-01-26,54,21,62
2016-01-27,49,26,100
2016-01-28,62,26,78
2016-01-29,46,24,55
2016-01-30,19,2,25
2016-01-31,9,7,16
2016-02-01,37,41,50
2016-02-02,43,43,69
2016-02-03,58,33,76
2016-02-04,77,39,56
2016-02-05,45,28,93
2016-02-06,20,3,38
2016-02-07,12,3,24
2016-02-08,31,61,54
2016-02-09,39,39,73
2016-02-10,55,39,67
2016-02-11,49,22,79
2016-02-12,44,20,75
2016-02-13,14,35,32
2016-02-14,15,14,21
2016-02-15,46,26,47
2016-02-16,50,46,52
2016-02-17,61,31,68
2016-02-18,78,36,73
2016-02-19,71,93,72
2016-02-20,16,18,43
2016-02-21,15,18,21
2016-02-22,52,52,69
2016-02-23,63,43,90
2016-02-24,54,38,134
2016-02-25,69,34,71
2016-02-26,71,63,98
2016-02-27,23,12,32
2016-02-28,5,98,21
2016-02-29,57,24,64
2016-03-01,51,29,86
2016-03-02,52,137,86
2016-03-03,77,33,100
2016-03-04,41,32,79
2016-03-05,12,5,16
2016-03-06,12,22,22
2016-03-07,41,18,61
2016-03-08,51,38,80
2016-03-09,51,46,85
2016-03-10,67,61,73
2016-03-11,37,54,82
2016-03-12,5,3,4
2016-03-13,15,21,38
2016-03-14,70,115,59
2016-03-15,54,28,90
2016-03-16,50,19,107
2016-03-17,47,147,75
2016-03-18,35,41,60
2016-03-19,14,19,28
2016-03-20,13,7,26
2016-03-21,57,37,70
2016-03-22,55,76,102
2016-03-23,76,24,113
2016-03-24,87,39,59
2016-03-25,49,18,75
2016-03-26,27,8,28
2016-03-27,11,13,17
2016-03-28,21,25,49
2016-03-29,61,48,74
2016-03-30,66,83,83
2016-03-31,49,67,93
2016-04-01,53,36,72
2016-04-02,15,6,36
2016-04-03,6,17,19
2016-04-04,41,34,66
2016-04-05,63,66,91
2016-04-06,58,41,86
2016-04-07,56,28,69
2016-04-08,40,28,64
2016-04-09,11,9,35
2016-04-10,7,8,20
2016-04-11,50,75,76
2016-04-12,58,285,175
2016-04-13,65,79,99
2016-04-14,59,48,85
2016-04-15,47,42,74
2016-04-16,11,14,36
2016-04-17,10,12,29
2016-04-18,38,27,68
2016-04-19,56,25,113
2016-04-20,62,39,93
2016-04-21,80,52,68
2016-04-22,62,49,116
2016-04-23,11,9,47
2016-04-24,7,3,23
2016-04-25,41,32,92
2016-04-26,50,30,90
2016-04-27,102,65,106
2016-04-28,92,38,110
2016-04-29,43,25,123
2016-04-30,10,8,34
2016-05-01,17,4,17
2016-05-02,42,29,68
2016-05-03,58,24,130
2016-05-04,37,26,95
2016-05-05,47,43,83
2016-05-06,38,51,96
2016-05-07,14,4,25
2016-05-08,12,24,19
2016-05-09,76,83,158
2016-05-10,69,74,103
2016-05-11,83,69,88
2016-05-12,31,50,134
2016-05-13,48,32,82
2016-05-14,10,57,22
2016-05-15,7,9,14
2016-05-16,59,95,84
2016-05-17,60,59,175
2016-05-18,61,144,84
2016-05-19,58,28,97
2016-05-20,52,47,118
2016-05-21,21,65,45
2016-05-22,15,26,23
2016-05-23,56,36,61
2016-05-24,57,63,102
2016-05-25,54,34,66
2016-05-26,54,99,83
2016-05-27,83,43,84
2016-05-28,16,49,40
2016-05-29,18,20,24
2016-05-30,31,19,54
2016-05-31,58,27,211
2016-06-01,58,44,106
2016-06-02,64,57,113
2016-06-03,53,98,110
2016-06-04,15,12,33
2016-06-05,10,11,9
2016-06-06,41,41,137
2016-06-07,77,52,125
2016-06-08,63,101,83
2016-06-09,81,33,124
2016-06-10,43,89,117
2016-06-11,22,11,37
2016-06-12,12,69,24
2016-06-13,54,44,100
2016-06-14,54,27,115
2016-06-15,46,73,103
2016-06-16,62,48,104
2016-06-17,52,233,114
2016-06-18,20,48,47
2016-06-19,9,49,13
2016-06-20,64,55,136
2016-06-21,59,434,142
2016-06-22,53,46,93
2016-06-23,41,65,88
2016-06-24,44,63,110
2016-06-25,14,29,19
2016-06-26,10,18,14
2016-06-27,73,96,74
2016-06-28,55,55,125
2016-06-29,43,39,95
2016-06-30,52,35,92
2016-07-01,49,57,102
2016-07-02,13,17,29
2016-07-03,14,13,15
2016-07-04,19,66,57
2016-07-05,54,53,86
2016-07-06,46,37,149
2016-07-07,42,24,119
2016-07-08,41,48,76
2016-07-09,9,58,31
2016-07-10,7,13,13
2016-07-11,46,140,153
2016-07-12,63,47,113
2016-07-13,73,81,86
2016-07-14,49,316,453
2016-07-15,52,48,94
2016-07-16,15,26,32
2016-07-17,12,23,37
2016-07-18,61,39,66
2016-07-19,62,161,100
2016-07-20,59,27,111
2016-07-21,58,111,66
2016-07-22,63,31,82
2016-07-23,17,6,19
2016-07-24,9,22,17
2016-07-25,48,46,80
2016-07-26,60,34,76
2016-07-27,68,24,87
2016-07-28,68,91,65
2016-07-29,49,23,61
2016-07-30,4,10,25
2016-07-31,8,6,14
2016-08-01,42,34,68
2016-08-02,52,48,68
2016-08-03,47,56,56
2016-08-04,73,39,463
2016-08-05,60,66,67
2016-08-06,10,10,20
2016-08-07,10,14,25
2016-08-08,33,26,75
2016-08-09,43,34,78
2016-08-10,57,36,76
2016-08-11,50,192,100
2016-08-12,44,116,107
2016-08-13,7,7,22
2016-08-14,4,13,26
2016-08-15,28,36,70
2016-08-16,69,46,101
2016-08-17,58,66,178
2016-08-18,53,64,71
2016-08-19,42,45,71
2016-08-20,13,4,29
2016-08-21,15,21,22
2016-08-22,52,352,70
2016-08-23,85,45,98
2016-08-24,64,68,83
2016-08-25,72,96,85
2016-08-26,44,119,72
2016-08-27,21,65,24
2016-08-28,16,29,29
2016-08-29,51,72,70
2016-08-30,76,89,582
2016-08-31,58,39,95
2016-09-01,50,114,89
2016-09-02,53,47,87
2016-09-03,16,45,20
2016-09-04,8,103,18
2016-09-05,18,32,35
2016-09-06,42,61,87
2016-09-07,65,41,91
2016-09-08,49,58,100
2016-09-09,51,116,78
2016-09-10,15,12,32
2016-09-11,15,23,34
2016-09-12,30,61,111
2016-09-13,72,36,100
2016-09-14,66,45,105
2016-09-15,53,83,103
2016-09-16,44,49,81
2016-09-17,11,81,51
2016-09-18,27,41,27
2016-09-19,45,123,93
2016-09-20,48,86,89
2016-09-21,52,74,76
2016-09-22,61,51,82
2016-09-23,47,35,82
2016-09-24,17,10,61
2016-09-25,11,11,18
2016-09-26,62,30,58
2016-09-27,55,75,94
2016-09-28,59,101,106
2016-09-29,78,57,115
2016-09-30,47,34,66
2016-10-01,12,29,26
2016-10-02,11,10,14
2016-10-03,47,58,69
2016-10-04,53,81,222
2016-10-05,62,55,66
2016-10-06,50,97,97
2016-10-07,64,51,139
2016-10-08,12,53,88
2016-10-09,19,23,35
2016-10-10,58,116,81
2016-10-11,51,77,91
2016-10-12,82,58,102
2016-10-13,51,43,109
2016-10-14,53,168,142
2016-10-15,13,52,14
2016-10-16,11,35,18
2016-10-17,53,78,102
2016-10-18,49,83,131
2016-10-19,80,67,82
2016-10-20,76,34,172
2016-10-21,80,214,123
2016-10-22,17,13,35
2016-10-23,7,12,18
2016-10-24,58,42,68
2016-10-25,61,259,92
2016-10-26,61,50,97
2016-10-27,71,52,91
2016-10-28,55,37,82
2016-10-29,14,34,23
2016-10-30,13,11,17
2016-10-31,44,71,80
2016-11-01,40,87,153
2016-11-02,65,127,153
2016-11-03,63,333,122
2016-11-04,90,74,101
2016-11-05,27,334,44
2016-11-06,8,15,70
2016-11-07,47,302,123
2016-11-08,74,125,102
2016-11-09,54,75,128
2016-11-10,49,247,130
2016-11-11,41,51,101
2016-11-12,12,10,34
2016-11-13,11,15,17
2016-11-14,44,124,79
2016-11-15,68,40,127
2016-11-16,53,53,121
2016-11-17,62,112,79
2016-11-18,51,34,79
2016-11-19,12,14,33
2016-11-20,13,11,21
2016-11-21,53,62,116
2016-11-22,64,39,123
2016-11-23,74,42,90
2016-11-24,43,26,66
2016-11-25,31,22,51
2016-11-26,21,100,21
2016-11-27,15,18,20
2016-11-28,50,66,74
2016-11-29,64,30,115
2016-11-30,57,45,108
2016-12-01,48,45,75
2016-12-02,42,235,108
2016-12-03,16,17,54
2016-12-04,13,10,58
2016-12-05,52,27,121
2016-12-06,78,99,115
2016-12-07,55,60,111
2016-12-08,60,233,116
2016-12-09,59,55,87
2016-12-10,11,58,23
2016-12-11,15,14,22
2016-12-12,70,112,72
2016-12-13,62,101,106
2016-12-14,50,58,80
2016-12-15,61,47,124
2016-12-16,66,92,98
2016-12-17,12,94,28
2016-12-18,10,36,16
2016-12-19,52,93,121
2016-12-20,40,35,92
2016-12-21,63,43,101
2016-12-22,59,99,103
2016-12-23,36,53,61
2016-12-24,5,15,11
2016-12-25,3,16,6
2016-12-26,20,17,33
2016-12-27,26,55,61
2016-12-28,26,24,94
2016-12-29,37,30,63
2016-12-30,15,20,53
2016-12-31,6,11,11
2017-01-01,5,2,29
2017-01-02,23,14,29
2017-01-03,39,39,87
2017-01-04,48,48,247
2017-01-05,61,33,112
2017-01-06,53,190,135
2017-01-07,28,35,31
2017-01-08,13,28,47
2017-01-09,48,71,79
2017-01-10,63,85,120
2017-01-11,49,33,121
2017-01-12,132,25,81
2017-01-13,58,41,117
2017-01-14,29,25,35
2017-01-15,11,25,26
2017-01-16,41,53,99
2017-01-17,55,81,142
2017-01-18,58,81,138
2017-01-19,69,58,89
2017-01-20,64,94,108
2017-01-21,21,22,45
2017-01-22,26,45,31
2017-01-23,51,115,106
2017-01-24,61,71,125
2017-01-25,78,46,101
2017-01-26,46,31,120
2017-01-27,38,101,109
2017-01-28,14,8,23
2017-01-29,7,43,48
2017-01-30,47,63,72
2017-01-31,50,42,86
2017-02-01,56,104,103
2017-02-02,48,28,87
2017-02-03,41,47,105
2017-02-04,27,29,42
2017-02-05,15,12,22
2017-02-06,49,53,113
2017-02-07,122,51,95
2017-02-08,75,142,134
2017-02-09,63,135,122
2017-02-10,69,110,89
2017-02-11,20,43,32
2017-02-12,23,9,23
2017-02-13,52,96,257
2017-02-14,69,104,105
2017-02-15,53,45,106
2017-02-16,57,119,107
2017-02-17,58,36,100
2017-02-18,17,159,184
2017-02-19,25,34,59
2017-02-20,60,62,60
2017-02-21,60,48,83
2017-02-22,86,96,152
2017-02-23,82,67,105
2017-02-24,79,83,142
2017-02-25,38,18,43
2017-02-26,14,51,31
2017-02-27,64,72,92
2017-02-28,55,79,144
2017-03-01,62,54,140
2017-03-02,78,106,125
2017-03-03,71,47,111
2017-03-04,19,12,45
2017-03-05,11,30,34
2017-03-06,62,57,193
2017-03-07,55,50,98
2017-03-08,62,53,106
2017-03-09,76,34,121
2017-03-10,57,33,115
2017-03-11,24,11,23
2017-03-12,8,5,18
2017-03-13,59,52,95
2017-03-14,80,140,123
2017-03-15,80,59,108
2017-03-16,72,46,120
2017-03-17,53,77,106
2017-03-18,14,15,37
2017-03-19,24,10,56
2017-03-20,61,56,291
2017-03-21,70,37,118
2017-03-22,46,85,95
2017-03-23,65,48,106
2017-03-24,54,132,94
2017-03-25,16,221,24
2017-03-26,12,15,91
2017-03-27,73,122,87
2017-03-28,50,79,99
2017-03-29,59,303,82
2017-03-30,60,44,107
2017-03-31,40,117,76
2017-04-01,16,84,34
2017-04-02,9,13,32
2017-04-03,60,43,57
2017-04-04,52,48,95
2017-04-05,61,47,111
2017-04-06,63,56,134
2017-04-07,71,38,84
2017-04-08,37,5,26
2017-04-09,9,7,20
2017-04-10,58,121,85
2017-04-11,63,52,80
2017-04-12,61,17,90
2017-04-13,60,24,114
2017-04-14,40,88,71
2017-04-15,12,28,22
2017-04-16,10,19,36
2017-04-17,56,38,121
2017-04-18,78,45,97
2017-04-19,56,94,104
2017-04-20,73,72,105
2017-04-21,73,94,145
2017-04-22,8,8,30
2017-04-23,24,24,16
2017-04-24,44,32,68
2017-04-25,77,41,97
2017-04-26,56,31,227
2017-04-27,57,52,140
2017-04-28,58,46,99
2017-04-29,8,18,27
2017-04-30,15,206,69
2017-05-01,52,43,74
2017-05-02,55,140,138
2017-05-03,82,171,84
2017-05-04,72,79,88
2017-05-05,77,130,135
2017-05-06,21,7,38
2017-05-07,27,27,24
2017-05-08,102,95,83
2017-05-09,82,93,149
2017-05-10,70,116,113
2017-05-11,86,89,152
2017-05-12,68,37,114
2017-05-13,15,9,35
2017-05-14,13,22,18
2017-05-15,120,107,112
2017-05-16,78,91,117
2017-05-17,68,51,184
2017-05-18,63,90,124
2017-05-19,64,45,73
2017-05-20,8,5,21
2017-05-21,13,16,19
2017-05-22,47,44,99
2017-05-23,56,42,155
2017-05-24,53,40,141
2017-05-25,57,48,121
2017-05-26,54,28,95
2017-05-27,14,21,47
2017-05-28,13,13,19
2017-05-29,37,32,36
2017-05-30,62,278,116
2017-05-31,76,50,131
2017-06-01,61,49,121
2017-06-02,56,38,110
2017-06-03,19,8,29
2017-06-04,16,11,26
2017-06-05,47,24,78
2017-06-06,74,48,107
2017-06-07,66,51,164
2017-06-08,56,97,273
2017-06-09,72,45,151
2017-06-10,18,7,38
2017-06-11,10,11,23
2017-06-12,44,53,134
2017-06-13,62,44,117
2017-06-14,71,34,81
2017-06-15,80,46,98
2017-06-16,60,31,125
2017-06-17,10,2859,41
2017-06-18,11,224,13
2017-06-19,60,53,83
2017-06-20,64,45,74
2017-06-21,54,253,108
2017-06-22,70,47,107
2017-06-23,78,42,102
2017-06-24,16,18,39
2017-06-25,6,20,19
2017-06-26,54,107,86
2017-06-27,62,31,87
2017-06-28,81,77,89
2017-06-29,86,51,127
2017-06-30,70,99,103
2017-07-01,22,262,46
2017-07-02,14,9,18
2017-07-03,50,93,136
2017-07-04,59,49,74
2017-07-05,65,71,80
2017-07-06,63,85,107
2017-07-07,63,53,103
2017-07-08,17,34,19
2017-07-09,17,22,39
2017-07-10,52,54,124
2017-07-11,65,110,143
2017-07-12,70,46,111
2017-07-13,53,79,103
2017-07-14,61,25,69
2017-07-15,11,6,22
2017-07-16,13,5,27
2017-07-17,79,28,83
2017-07-18,65,27,68
2017-07-19,194,32,95
2017-07-20,100,21,72
2017-07-21,49,127,600
2017-07-22,15,18,22
2017-07-23,13,6,23
2017-07-24,60,54,304
2017-07-25,69,258,143
2017-07-26,66,302,93
2017-07-27,65,54,87
2017-07-28,65,46,69
2017-07-29,18,5,34
2017-07-30,10,20,18
2017-07-31,56,65,66
2017-08-01,87,121,79
2017-08-02,50,70,111
2017-08-03,60,52,95
2017-08-04,73,19,106
2017-08-05,11,5,23
2017-08-06,11,9,17
2017-08-07,69,54,95
2017-08-08,60,41,104
2017-08-09,54,127,90
2017-08-10,58,46,80
2017-08-11,60,38,104
2017-08-12,11,7,18
2017-08-13,9,12,12
2017-08-14,50,91,63
2017-08-15,70,24,63
2017-08-16,69,39,124
2017-08-17,51,133,116
2017-08-18,54,39,96
2017-08-19,12,23,37
2017-08-20,15,13,20
2017-08-21,56,47,81
2017-08-22,67,275,118
2017-08-23,62,50,118
2017-08-24,51,20,145
2017-08-25,48,64,91
2017-08-26,11,25,26
2017-08-27,9,16,11
2017-08-28,58,116,196
2017-08-29,62,39,119
2017-08-30,56,60,167
2017-08-31,53,259,115
2017-09-01,53,79,148
2017-09-02,7,11,23
2017-09-03,20,20,33
2017-09-04,29,96,71
2017-09-05,63,46,125
2017-09-06,59,37,100
2017-09-07,42,27,114
2017-09-08,72,62,137
2017-09-09,19,222,51
2017-09-10,10,17,25
2017-09-11,56,37,154
2017-09-12,62,43,124
2017-09-13,75,67,108
2017-09-14,62,73,81
2017-09-15,52,34,95
2017-09-16,5,13,32
2017-09-17,9,8,13
2017-09-18,44,84,116
2017-09-19,89,36,138
2017-09-20,74,133,103
2017-09-21,68,50,108
2017-09-22,61,47,116
2017-09-23,18,26,36
2017-09-24,9,11,30
2017-09-25,61,74,152
2017-09-26,63,32,107
2017-09-27,63,49,105
2017-09-28,68,32,232
2017-09-29,65,60,95
2017-09-30,14,13,24
2017-10-01,9,15,13
2017-10-02,61,73,96
2017-10-03,54,23,82
2017-10-04,54,40,127
2017-10-05,70,41,95
2017-10-06,56,32,102
2017-10-07,22,25,31
2017-10-08,12,8,27
2017-10-09,50,62,89
2017-10-10,79,42,103
2017-10-11,58,32,128
2017-10-12,59,62,134
2017-10-13,65,124,68
2017-10-14,13,14,26
2017-10-15,2,7,15
2017-10-16,45,30,111
2017-10-17,88,146,89
2017-10-18,63,37,86
2017-10-19,57,689,100
2017-10-20,68,45,82
2017-10-21,15,18,123
2017-10-22,8,15,12
2017-10-23,70,46,143
2017-10-24,46,188,83
2017-10-25,69,32,106
2017-10-26,36,49,88
2017-10-27,91,109,71
2017-10-28,18,29,39
2017-10-29,7,17,23
2017-10-30,56,45,108
2017-10-31,65,22,78
2017-11-01,57,35,62
2017-11-02,58,121,65
2017-11-03,53,89,82
2017-11-04,25,12,22
2017-11-05,17,13,19
2017-11-06,62,51,187
2017-11-07,58,40,85
2017-11-08,55,53,102
2017-11-09,64,129,358
2017-11-10,61,59,73
2017-11-11,12,87,31
2017-11-12,12,8,21
2017-11-13,65,69,117
2017-11-14,61,185,93
2017-11-15,77,42,96
2017-11-16,68,38,78
2017-11-17,61,37,78
2017-11-18,10,8,18
2017-11-19,22,10,25
2017-11-20,51,341,107
2017-11-21,58,39,119
2017-11-22,51,72,119
2017-11-23,34,42,78
2017-11-24,19,28,74
2017-11-25,14,12,24
2017-11-26,16,11,26
2017-11-27,69,88,92
2017-11-28,75,178,117
2017-11-29,60,71,100
2017-11-30,57,101,96
2017-12-01,49,39,66
2017-12-02,16,31,26
2017-12-03,22,10,15
2017-12-04,40,38,101
2017-12-05,64,118,107
2017-12-06,63,34,100
2017-12-07,54,154,106
2017-12-08,41,112,111
2017-12-09,24,80,17
2017-12-10,11,35,13
2017-12-11,41,37,58
2017-12-12,47,46,105
2017-12-13,70,101,85
2017-12-14,32,338,90
2017-12-15,39,44,70
2017-12-16,14,40,23
2017-12-17,10,91,32
2017-12-18,47,57,112
2017-12-19,81,79,108
2017-12-20,44,93,92
2017-12-21,61,26,85
2017-12-22,51,88,95
2017-12-23,14,18,23
2017-12-24,10,40,9
2017-12-25,9,31,21
2017-12-26,26,27,65
2017-12-27,25,19,44
2017-12-28,36,30,60
2017-12-29,24,21,41
2017-12-30,6,90,16
2017-12-31,7,16,26
2018-01-01,8,12,9
2018-01-02,43,260,80
2018-01-03,53,29,284
2018-01-04,58,29,98
2018-01-05,55,79,87
2018-01-06,11,18,29
2018-01-07,9,18,16
2018-01-08,60,172,92
2018-01-09,65,33,105
2018-01-10,60,89,161
2018-01-11,86,41,98
2018-01-12,62,100,87
2018-01-13,9,43,54
2018-01-14,6,10,21
2018-01-15,42,36,65
2018-01-16,40,55,124
2018-01-17,56,37,121
2018-01-18,55,24,115
2018-01-19,47,56,134
2018-01-20,15,27,34
2018-01-21,8,50,34
2018-01-22,65,41,114
2018-01-23,68,38,83
2018-01-24,64,69,105
2018-01-25,83,238,116
2018-01-26,45,90,80
2018-01-27,19,16,37
2018-01-28,9,20,39
2018-01-29,59,91,100
2018-01-30,65,55,145
2018-01-31,87,40,184
2018-02-01,108,285,123
2018-02-02,94,44,107
2018-02-03,49,19,76
2018-02-04,20,8,19
2018-02-05,60,46,73
2018-02-06,68,75,148
2018-02-07,58,92,98
2018-02-08,48,39,95
2018-02-09,74,64,88
2018-02-10,14,24,29
2018-02-11,15,20,16
2018-02-12,66,35,89
2018-02-13,75,45,90
2018-02-14,64,74,77
2018-02-15,83,36,95
2018-02-16,46,42,350
2018-02-17,12,20,29
2018-02-18,9,46,12
2018-02-19,38,52,68
2018-02-20,49,45,80
2018-02-21,53,31,88
2018-02-22,55,75,81
2018-02-23,50,38,64
2018-02-24,16,44,48
2018-02-25,14,28,44
2018-02-26,44,35,126
2018-02-27,64,39,74
2018-02-28,53,50,101
2018-03-01,72,50,68
2018-03-02,49,15,98
2018-03-03,15,31,36
2018-03-04,17,36,82
2018-03-05,58,59,107
2018-03-06,62,166,118
2018-03-07,66,68,155
2018-03-08,68,113,66
2018-03-09,58,54,120
2018-03-10,24,6,31
2018-03-11,12,18,17
2018-03-12,54,81,92
2018-03-13,81,48,87
2018-03-14,57,55,108
2018-03-15,74,45,92
2018-03-16,75,47,102
2018-03-17,32,82,28
2018-03-18,15,22,16
2018-03-19,63,38,134
2018-03-20,69,23,70
2018-03-21,72,38,618
2018-03-22,67,46,202
2018-03-23,91,43,77
2018-03-24,22,81,15
2018-03-25,17,15,41
2018-03-26,70,135,173
2018-03-27,53,38,82
2018-03-28,69,22,106
2018-03-29,53,35,112
2018-03-30,35,27,81
2018-03-31,16,8,32
2018-04-01,15,11,43
2018-04-02,45,281,76
2018-04-03,55,50,71
2018-04-04,61,118,134
2018-04-05,39,53,173
2018-04-06,48,44,179
2018-04-07,13,18,21
2018-04-08,12,10,20
2018-04-09,75,335,108
2018-04-10,46,54,105
2018-04-11,63,27,82
2018-04-12,60,26,112
2018-04-13,70,32,108
2018-04-14,15,11,38
2018-04-15,21,7,9
2018-04-16,57,72,84
2018-04-17,73,65,108
2018-04-18,75,42,116
2018-04-19,71,57,97
2018-04-20,64,852,74
2018-04-21,14,5,77
2018-04-22,11,11,16
2018-04-23,73,53,99
2018-04-24,69,91,271
2018-04-25,67,75,146
2018-04-26,38,121,567
2018-04-27,53,106,71
2018-04-28,19,84,30
2018-04-29,19,28,31
2018-04-30,62,76,97
2018-05-01,51,10,82
2018-05-02,55,168,170
2018-05-03,61,35,94
2018-05-04,46,35,71
2018-05-05,14,18,26
2018-05-06,40,17,26
2018-05-07,78,55,99
2018-05-08,60,37,98
2018-05-09,54,37,115
2018-05-10,45,48,117
2018-05-11,49,36,57
2018-05-12,21,14,23
2018-05-13,14,9,24
2018-05-14,48,201,152
2018-05-15,66,59,110
2018-05-16,58,27,213
2018-05-17,66,118,307
2018-05-18,36,25,102
2018-05-19,14,19,12
2018-05-20,13,12,15
2018-05-21,50,34,90
2018-05-22,71,1374,192
2018-05-23,64,216,155
2018-05-24,79,58,133
2018-05-25,55,45,97
2018-05-26,20,28,50
2018-05-27,14,3,15
2018-05-28,38,33,51
2018-05-29,59,40,113
2018-05-30,73,54,93
2018-05-31,57,29,109
2018-06-01,50,19,110
2018-06-02,13,9,21
2018-06-03,14,19,29
2018-06-04,68,35,104
2018-06-05,70,47,97
2018-06-06,58,24,95
2018-06-07,42,15,97
2018-06-08,50,25,117
2018-06-09,17,43,24
2018-06-10,6,24,10
2018-06-11,51,109,95
2018-06-12,59,25,93
2018-06-13,46,49,83
2018-06-14,61,33,116
2018-06-15,64,24,106
2018-06-16,19,19,24
2018-06-17,11,12,20
2018-06-18,37,99,128
2018-06-19,41,70,77
2018-06-20,57,24,70
2018-06-21,63,75,66
2018-06-22,65,41,64
2018-06-23,14,71,6
2018-06-24,12,13,22
2018-06-25,63,69,70
2018-06-26,68,48,223
2018-06-27,50,169,77
2018-06-28,70,29,109
2018-06-29,66,74,114
2018-06-30,9,25,27
2018-07-01,13,4,16
2018-07-02,47,75,96
2018-07-03,65,34,107
2018-07-04,40,28,74
2018-07-05,56,53,56
2018-07-06,38,38,93
2018-07-07,10,26,29
2018-07-08,11,62,48
2018-07-09,69,44,118
2018-07-10,62,31,155
2018-07-11,72,60,106
2018-07-12,53,42,88
2018-07-13,53,35,139
2018-07-14,15,21,29
2018-07-15,16,7,31
2018-07-16,70,31,63
2018-07-17,64,103,83
2018-07-18,48,24,107
2018-07-19,61,60,120
2018-07-20,61,103,109
2018-07-21,11,19,22
2018-07-22,16,9,19
2018-07-23,43,62,118
2018-07-24,55,58,125
2018-07-25,104,57,134
2018-07-26,85,134,314
2018-07-27,49,90,168
2018-07-28,14,13,29
2018-07-29,12,13,21
2018-07-30,73,32,85
2018-07-31,58,240,138
2018-08-01,55,40,884
2018-08-02,59,32,111
2018-08-03,49,41,121
2018-08-04,13,18,87
2018-08-05,10,11,19
2018-08-06,39,71,107
2018-08-07,62,32,104
2018-08-08,53,46,86
2018-08-09,74,57,115
2018-08-10,56,51,88
2018-08-11,10,8,17
2018-08-12,9,35,19
2018-08-13,48,91,134
2018-08-14,47,56,101
2018-08-15,46,34,85
2018-08-16,62,50,137
2018-08-17,62,85,109
2018-08-18,14,13,37
2018-08-19,13,11,16
2018-08-20,54,30,106
2018-08-21,62,68,105
2018-08-22,60,27,96
2018-08-23,70,1537,109
2018-08-24,64,23,76
2018-08-25,21,1481,17
2018-08-26,10,235,19
2018-08-27,52,41,100
2018-08-28,38,27,105
2018-08-29,59,30,84
2018-08-30,64,28,123
2018-08-31,43,40,89
2018-09-01,7,23,63
2018-09-02,9,362,118
2018-09-03,32,186,204
2018-09-04,56,22,70
2018-09-05,61,64,75
2018-09-06,70,56,92
2018-09-07,49,69,104
2018-09-08,29,31,25
2018-09-09,10,39,19
2018-09-10,47,42,108
2018-09-11,79,43,112
2018-09-12,63,25,116
2018-09-13,50,33,210
2018-09-14,58,126,384
2018-09-15,12,454,235
2018-09-16,11,14,122
2018-09-17,59,94,67
2018-09-18,55,111,118
2018-09-19,61,37,100
2018-09-20,72,36,128
2018-09-21,50,77,116
2018-09-22,20,27,17
2018-09-23,18,37,36
2018-09-24,53,135,116
2018-09-25,67,58,118
2018-09-26,69,30,135
2018-09-27,69,43,125
2018-09-28,51,27,84
2018-09-29,18,13,30
2018-09-30,16,13,31
2018-10-01,82,30,85
2018-10-02,61,26,131
2018-10-03,54,354,126
2018-10-04,54,65,129
2018-10-05,49,77,103
2018-10-06,23,28,22
2018-10-07,12,13,34
2018-10-08,47,98,119
2018-10-09,51,51,109
2018-10-10,49,33,125
2018-10-11,63,52,103
2018-10-12,79,64,123
2018-10-13,16,27,43
2018-10-14,10,12,9
2018-10-15,56,83,96
2018-10-16,66,34,120
2018-10-17,69,69,109
2018-10-18,71,26,120
2018-10-19,55,48,129
2018-10-20,13,20,26
2018-10-21,30,6,30
2018-10-22,74,73,171
2018-10-23,82,64,129
2018-10-24,80,31,137
2018-10-25,73,40,107
2018-10-26,58,40,146
2018-10-27,13,35,43
2018-10-28,9,12,35
2018-10-29,77,34,116
2018-10-30,62,51,128
2018-10-31,51,41,100
2018-11-01,69,49,96
2018-11-02,57,57,91
2018-11-03,15,8,36
2018-11-04,17,16,22
2018-11-05,58,61,108
2018-11-06,101,82,141
2018-11-07,55,78,210
2018-11-08,80,40,113
2018-11-09,59,64,84
2018-11-10,8,11,52
2018-11-11,14,15,31
2018-11-12,60,40,151
2018-11-13,59,34,120
2018-11-14,71,30,98
2018-11-15,69,46,120
2018-11-16,63,39,101
2018-11-17,8,21,21
2018-11-18,23,21,21
2018-11-19,56,58,93
2018-11-20,61,52,130
2018-11-21,53,47,107
2018-11-22,53,32,72
2018-11-23,36,30,104
2018-11-24,10,48,28
2018-11-25,22,14,37
2018-11-26,56,34,405
2018-11-27,63,51,118
2018-11-28,50,48,88
2018-11-29,59,41,150
2018-11-30,54,27,143
2018-12-01,11,32,49
2018-12-02,19,70,45
2018-12-03,52,62,91
2018-12-04,60,50,100
2018-12-05,43,50,104
2018-12-06,57,40,88
2018-12-07,59,43,83
2018-12-08,14,54,23
2018-12-09,25,18,26
2018-12-10,45,35,135
2018-12-11,66,62,134
2018-12-12,63,46,106
2018-12-13,59,105,124
2018-12-14,58,41,112
2018-12-15,13,25,37
2018-12-16,15,42,17
2018-12-17,72,41,85
2018-12-18,61,41,92
2018-12-19,57,30,76
2018-12-20,45,34,80
2018-12-21,56,20,82
2018-12-22,12,23,30
2018-12-23,10,150,15
2018-12-24,22,19,79
2018-12-25,19,38,26
2018-12-26,34,44,24
2018-12-27,46,187,68
2018-12-28,39,51,58
2018-12-29,13,67,40
2018-12-30,27,43,30
2018-12-31,25,24,25
2019-01-01,48,13,15
2019-01-02,44,99,52
2019-01-03,39,57,78
2019-01-04,41,87,82
2019-01-05,19,64,30
2019-01-06,20,24,27
2019-01-07,89,62,98
2019-01-08,68,50,127
2019-01-09,61,76,148
2019-01-10,47,53,96
2019-01-11,50,66,75
2019-01-12,33,100,36
2019-01-13,29,21,40
2019-01-14,55,156,67
2019-01-15,52,46,52
2019-01-16,46,105,102
2019-01-17,65,71,104
2019-01-18,50,241,144
2019-01-19,11,32,53
2019-01-20,25,21,33
2019-01-21,46,31,69
2019-01-22,65,42,71
2019-01-23,46,73,89
2019-01-24,85,59,135
2019-01-25,80,30,90
2019-01-26,21,24,38
2019-01-27,17,18,18
2019-01-28,65,37,80
2019-01-29,81,60,77
2019-01-30,55,111,109
2019-01-31,64,61,91
2019-02-01,60,125,281
2019-02-02,19,25,42
2019-02-03,31,34,33
2019-02-04,37,32,81
2019-02-05,44,33,72
2019-02-06,54,61,101
2019-02-07,59,28,79
2019-02-08,51,32,57
2019-02-09,17,6,18
2019-02-10,40,22,19
2019-02-11,53,72,77
2019-02-12,60,50,118
2019-02-13,52,37,95
2019-02-14,52,165,91
2019-02-15,63,42,96
2019-02-16,15,23,36
2019-02-17,9,27,31
2019-02-18,47,31,66
2019-02-19,74,42,90
2019-02-20,63,42,100
2019-02-21,67,58,100
2019-02-22,48,36,89
2019-02-23,24,18,40
2019-02-24,27,12,35
2019-02-25,75,48,111
2019-02-26,78,100,267
2019-02-27,71,51,138
2019-02-28,75,781,304
2019-03-01,65,105,290
2019-03-02,17,37,51
2019-03-03,16,15,68
2019-03-04,61,36,151
2019-03-05,81,27,128
2019-03-06,97,29,85
2019-03-07,78,43,143
2019-03-08,49,49,94
2019-03-09,22,24,40
2019-03-10,22,17,27
2019-03-11,58,74,135
2019-03-12,78,40,125
2019-03-13,79,27,94
2019-03-14,64,277,134
2019-03-15,72,132,103
2019-03-16,25,10,49
2019-03-17,17,30,16
2019-03-18,54,29,120
2019-03-19,62,47,186
2019-03-20,59,72,103
2019-03-21,64,44,77
2019-03-22,61,43,153
2019-03-23,8,42,48
2019-03-24,20,14,37
2019-03-25,77,294,125
2019-03-26,46,49,110
2019-03-27,72,40,130
2019-03-28,67,819,95
2019-03-29,55,147,132
2019-03-30,14,37,37
2019-03-31,25,21,16
2019-04-01,62,38,111
2019-04-02,46,57,104
2019-04-03,71,58,72
2019-04-04,61,47,101
2019-04-05,45,36,82
2019-04-06,21,17,44
2019-04-07,15,8,18
2019-04-08,49,27,102
2019-04-09,41,39,89
2019-04-10,82,92,107
2019-04-11,49,50,106
2019-04-12,58,89,69
2019-04-13,21,24,27
2019-04-14,18,15,22
2019-04-15,46,117,152
2019-04-16,55,87,1983
2019-04-17,53,55,94
2019-04-18,65,39,90
2019-04-19,35,131,70
2019-04-20,19,11,22
2019-04-21,11,11,14
2019-04-22,47,36,120
2019-04-23,84,63,232
2019-04-24,66,309,86
2019-04-25,58,30,74
2019-04-26,69,54,125
2019-04-27,17,76,20
2019-04-28,23,24,45
2019-04-29,34,144,331
2019-04-30,57,86,114
2019-05-01,35,28,62
2019-05-02,56,48,128
2019-05-03,41,47,92
2019-05-04,17,14,36
2019-05-05,11,17,33
2019-05-06,48,45,65
2019-05-07,59,49,149
2019-05-08,61,58,89
2019-05-09,51,51,61
2019-05-10,50,74,71
2019-05-11,14,16,23
2019-05-12,16,21,40
2019-05-13,53,66,57
2019-05-14,66,40,104
2019-05-15,83,78,111
2019-05-16,71,54,102
2019-05-17,40,54,184
2019-05-18,12,44,78
2019-05-19,12,18,34
2019-05-20,69,223,95
2019-05-21,81,306,1323
2019-05-22,64,53,82
2019-05-23,66,47,71
2019-05-24,52,31,74
2019-05-25,16,21,21
2019-05-26,18,23,37
2019-05-27,33,34,81
2019-05-28,41,48,118
2019-05-29,53,54,137
2019-05-30,78,137,72
2019-05-31,81,41,99
2019-06-01,15,34,43
2019-06-02,11,20,12
2019-06-03,51,39,421
2019-06-04,53,44,77
2019-06-05,48,45,81
2019-06-06,66,72,117
2019-06-07,66,73,96
2019-06-08,13,1030,607
2019-06-09,10,18,19
2019-06-10,65,34,63
2019-06-11,64,137,124
2019-06-12,62,47,106
2019-06-13,65,54,96
2019-06-14,36,40,119
2019-06-15,17,13,50
2019-06-16,25,20,24
2019-06-17,65,59,86
2019-06-18,64,49,133
2019-06-19,56,36,155
2019-06-20,45,65,98
2019-06-21,46,41,82
2019-06-22,21,30,39
2019-06-23,8,11,13
2019-06-24,39,181,102
2019-06-25,46,61,96
2019-06-26,65,52,99
2019-06-27,55,38,132
2019-06-28,36,86,92
2019-06-29,12,14,32
2019-06-30,15,17,32
2019-07-01,55,38,64
2019-07-02,57,42,81
2019-07-03,49,59,76
2019-07-04,33,33,52
2019-07-05,46,125,57
2019-07-06,7,21,7
2019-07-07,15,10,20
2019-07-08,59,79,68
2019-07-09,46,58,74
2019-07-10,58,55,68
2019-07-11,76,35,113
2019-07-12,52,79,86
2019-07-13,15,3,18
2019-07-14,14,4,25
2019-07-15,56,50,110
2019-07-16,82,41,69
2019-07-17,50,33,106
2019-07-18,66,44,85
2019-07-19,42,31,106
2019-07-20,8,55,26
2019-07-21,20,28,17
2019-07-22,57,63,70
2019-07-23,45,47,113
2019-07-24,60,81,90
2019-07-25,62,34,110
2019-07-26,54,178,104
2019-07-27,10,26,33
2019-07-28,17,14,26
2019-07-29,42,97,77
2019-07-30,60,40,77
2019-07-31,55,34,121
2019-08-01,69,70,347
2019-08-02,62,207,178
2019-08-03,14,11,25
2019-08-04,13,15,11
2019-08-05,58,39,387
2019-08-06,52,49,138
2019-08-07,52,39,88
2019-08-08,47,32,94
2019-08-09,67,28,88
2019-08-10,20,19,103
2019-08-11,17,12,30
2019-08-12,48,43,79
2019-08-13,59,45,90
2019-08-14,59,125,99
2019-08-15,53,38,92
2019-08-16,50,42,106
2019-08-17,11,10,56
2019-08-18,10,13,22
2019-08-19,45,81,78
2019-08-20,49,44,98
2019-08-21,65,40,92
2019-08-22,83,59,158
2019-08-23,48,34,101
2019-08-24,9,13,24
2019-08-25,17,16,44
2019-08-26,59,142,73
2019-08-27,38,62,127
2019-08-28,74,114,96
2019-08-29,48,34,106
2019-08-30,60,74,154
2019-08-31,12,12,46
2019-09-01,14,17,32
2019-09-02,38,33,80
2019-09-03,58,67,71
2019-09-04,50,135,99
2019-09-05,57,112,135
2019-09-06,57,46,101
2019-09-07,10,18,44
2019-09-08,10,18,32
2019-09-09,64,29,180
2019-09-10,66,145,113
2019-09-11,56,41,102
2019-09-12,56,62,129
2019-09-13,55,68,80
2019-09-14,10,12,31
2019-09-15,12,23,37
2019-09-16,70,32,93
2019-09-17,75,65,103
2019-09-18,61,71,121
2019-09-19,53,124,113
2019-09-20,72,80,127
2019-09-21,14,9,45
2019-09-22,9,8,47
2019-09-23,68,77,182
2019-09-24,68,53,111
2019-09-25,60,37,101
2019-09-26,55,435,343
2019-09-27,55,93,108
2019-09-28,21,18,36
2019-09-29,15,79,35
2019-09-30,57,144,130
2019-10-01,45,315,171
2019-10-02,46,1216,826
2019-10-03,54,192,124
2019-10-04,60,156,203
2019-10-05,13,13,33
2019-10-06,8,18,30
2019-10-07,48,142,167
2019-10-08,59,357,526
2019-10-09,70,58,126
2019-10-10,44,74,167
2019-10-11,57,51,121
2019-10-12,21,10,43
2019-10-13,18,51,22
2019-10-14,42,42,148
2019-10-15,59,68,118
2019-10-16,71,230,99
2019-10-17,68,33,112
2019-10-18,54,55,135
2019-10-19,20,39,21
2019-10-20,9,54,24
2019-10-21,64,340,102
2019-10-22,43,37,92
2019-10-23,59,69,219
2019-10-24,51,48,162
2019-10-25,36,110,285
2019-10-26,23,55,41
2019-10-27,13,37,12
2019-10-28,52,55,91
2019-10-29,60,86,115
2019-10-30,64,58,87
2019-10-31,52,65,89
2019-11-01,51,80,99
2019-11-02,17,37,43
2019-11-03,18,470,46
2019-11-04,48,59,67
2019-11-05,62,59,107
2019-11-06,61,55,135
2019-11-07,96,52,105
2019-11-08,61,52,90
2019-11-09,21,10,42
2019-11-10,11,51,35
2019-11-11,56,111,62
2019-11-12,78,60,115
2019-11-13,73,43,105
2019-11-14,75,76,91
2019-11-15,108,48,110
2019-11-16,22,18,56
2019-11-17,22,23,29
2019-11-18,58,88,84
2019-11-19,69,71,108
2019-11-20,65,39,98
2019-11-21,60,153,135
2019-11-22,76,69,126
2019-11-23,18,38,32
2019-11-24,8,57,19
2019-11-25,42,111,88
2019-11-26,50,68,133
2019-11-27,57,62,94
2019-11-28,36,56,56
2019-11-29,48,121,44
2019-11-30,9,12,25
2019-12-01,7,25,27
2019-12-02,76,60,83
2019-12-03,63,51,91
2019-12-04,58,69,121
2019-12-05,68,53,103
2019-12-06,53,68,97
2019-12-07,27,25,39
2019-12-08,30,29,28
2019-12-09,60,191,142
2019-12-10,63,73,87
2019-12-11,63,61,69
2019-12-12,78,52,98
2019-12-13,69,41,92
2019-12-14,21,16,50
2019-12-15,18,21,16
2019-12-16,50,90,88
2019-12-17,50,54,272
2019-12-18,68,178,152
2019-12-19,62,87,493
2019-12-20,48,121,90
2019-12-21,17,272,30
2019-12-22,10,23,21
2019-12-23,38,62,76
2019-12-24,30,22,84
2019-12-25,16,23,42
2019-12-26,24,48,45
2019-12-27,42,36,59
2019-12-28,14,10,38
2019-12-29,17,79,112
2019-12-30,48,248,79
2019-12-31,28,33,76
2020-01-01,12,18,21
2020-01-02,43,32,154
2020-01-03,46,58,78
2020-01-04,26,19,34
2020-01-05,41,19,36
2020-01-06,39,61,81
2020-01-07,46,39,135
2020-01-08,63,40,220
2020-01-09,59,42,140
2020-01-10,70,89,132
2020-01-11,18,28,51
2020-01-12,18,14,39
2020-01-13,74,59,115
2020-01-14,57,57,206
2020-01-15,54,117,124
2020-01-16,57,76,104
2020-01-17,59,39,104
2020-01-18,16,15,54
2020-01-19,38,139,78
2020-01-20,57,31,81
2020-01-21,74,201,288
2020-01-22,60,46,134
2020-01-23,58,33,172
2020-01-24,51,34,98
2020-01-25,10,30,27
2020-01-26,11,10,37
2020-01-27,54,86,85
2020-01-28,56,14,108
2020-01-29,51,48,89
2020-01-30,56,58,102
2020-01-31,60,80,93
2020-02-01,17,18,30
2020-02-02,19,30,50
2020-02-03,54,98,138
2020-02-04,53,52,99
2020-02-05,64,79,85
2020-02-06,57,48,101
2020-02-07,56,53,217
2020-02-08,21,12,80
2020-02-09,16,8,37
2020-02-10,77,60,98
2020-02-11,59,32,141
2020-02-12,66,49,112
2020-02-13,79,228,91
2020-02-14,54,70,131
2020-02-15,25,24,23
2020-02-16,31,51,36
2020-02-17,62,50,92
2020-02-18,72,38,108
2020-02-19,65,93,119
2020-02-20,51,51,86
2020-02-21,85,86,137
2020-02-22,23,36,52
2020-02-23,17,24,36
2020-02-24,66,70,762
2020-02-25,68,76,107
2020-02-26,68,68,197
2020-02-27,88,67,117
2020-02-28,62,119,146
2020-02-29,12,46,70
2020-03-01,39,51,29
2020-03-02,55,91,175
2020-03-03,45,45,96
2020-03-04,88,52,92
2020-03-05,65,60,103
2020-03-06,82,309,170
2020-03-07,27,104,141
2020-03-08,22,25,50
2020-03-09,68,68,141
2020-03-10,80,50,120
2020-03-11,76,46,150
2020-03-12,52,80,108
2020-03-13,61,52,109
2020-03-14,30,28,93
2020-03-15,31,22,35
2020-03-16,79,33,114
2020-03-17,58,50,120
2020-03-18,79,56,104
2020-03-19,52,173,181
2020-03-20,77,54,110
2020-03-21,18,19,42
2020-03-22,16,17,58
2020-03-23,52,55,110
2020-03-24,80,205,106
2020-03-25,85,119,118
2020-03-26,68,62,98
2020-03-27,58,144,117
2020-03-28,30,266,61
2020-03-29,33,83,55
2020-03-30,76,296,107
2020-03-31,80,58,191
2020-04-01,74,67,124
2020-04-02,78,50,117
2020-04-03,54,51,114
2020-04-04,22,36,45
2020-04-05,22,26,38
2020-04-06,64,58,107
2020-04-07,81,76,215
2020-04-08,66,204,143
2020-04-09,58,59,125
2020-04-10,55,47,244
2020-04-11,25,19,59
2020-04-12,28,26,67
2020-04-13,68,82,103
2020-04-14,60,64,142
2020-04-15,73,33,158
2020-04-16,69,147,106
2020-04-17,98,90,154
2020-04-18,20,140,67
2020-04-19,26,87,56
2020-04-20,76,54,102
2020-04-21,84,92,164
2020-04-22,72,50,111
2020-04-23,79,48,121
2020-04-24,74,66,110
2020-04-25,38,33,40
2020-04-26,32,40,44
2020-04-27,83,99,141
2020-04-28,67,40,126
2020-04-29,89,109,111
2020-04-30,80,79,165
2020-05-01,46,40,94
2020-05-02,25,32,35
2020-05-03,23,27,54
2020-05-04,84,59,119
2020-05-05,65,51,113
2020-05-06,72,54,122
2020-05-07,68,63,114
2020-05-08,79,41,114
2020-05-09,32,50,54
2020-05-10,19,55,43
2020-05-11,74,72,106
2020-05-12,71,54,135
2020-05-13,76,98,141
2020-05-14,96,84,342
2020-05-15,64,72,1284
2020-05-16,32,89,4057
2020-05-17,25,109,878
2020-05-18,71,93,322
2020-05-19,67,139,126
2020-05-20,105,70,111
2020-05-21,100,52,119
2020-05-22,88,84,118
2020-05-23,20,55,58
2020-05-24,22,143,57
2020-05-25,67,63,82
2020-05-26,77,32,97
2020-05-27,102,289,215
2020-05-28,117,103,146
2020-05-29,54,94,120
2020-05-30,13,23,84
2020-05-31,20,33,29
2020-06-01,67,46,165
2020-06-02,69,90,317
2020-06-03,68,57,270
2020-06-04,89,108,259
2020-06-05,87,127,190
2020-06-06,25,40,68
2020-06-07,35,31,42
2020-06-08,85,95,193
2020-06-09,92,126,182
2020-06-10,93,62,207
2020-06-11,78,90,188
2020-06-12,71,69,110
2020-06-13,19,30,79
2020-06-14,22,32,45
2020-06-15,73,89,113
2020-06-16,82,74,198
2020-06-17,83,101,193
2020-06-18,81,106,122
2020-06-19,98,47,165
2020-06-20,34,23,49
2020-06-21,21,36,28
2020-06-22,68,123,164
2020-06-23,75,81,127
2020-06-24,67,140,147
2020-06-25,61,86,130
2020-06-26,64,34,255
2020-06-27,39,27,59
2020-06-28,32,38,45
2020-06-29,99,48,141
2020-06-30,72,114,177
2020-07-01,64,117,154
2020-07-02,78,219,113
2020-07-03,73,48,59
2020-07-04,23,38,16
2020-07-05,11,24,21
2020-07-06,73,42,126
2020-07-07,86,33,119
2020-07-08,92,57,139
2020-07-09,113,120,138
2020-07-10,102,91,136
2020-07-11,23,24,53
2020-07-12,27,13,37
2020-07-13,74,86,136
2020-07-14,78,87,186
2020-07-15,113,280,194
2020-07-16,95,73,144
2020-07-17,90,47,116
2020-07-18,45,21,21
2020-07-19,30,13,30
2020-07-20,90,59,139
2020-07-21,84,41,119
2020-07-22,90,54,152
2020-07-23,119,144,136
2020-07-24,89,57,2566
2020-07-25,39,106,56
2020-07-26,57,62,34
2020-07-27,93,41,136
2020-07-28,104,127,100
2020-07-29,84,56,207
2020-07-30,90,82,144
2020-07-31,103,194,115
2020-08-01,17,10,31
2020-08-02,18,10,43
2020-08-03,84,83,280
2020-08-04,99,53,127
2020-08-05,92,48,131
2020-08-06,115,238,132
2020-08-07,104,69,127
2020-08-08,38,47,42
2020-08-09,25,16,38
2020-08-10,87,79,162
2020-08-11,142,66,200
2020-08-12,116,58,171
2020-08-13,139,49,174
2020-08-14,138,60,154
